Model,Accuracy,F1 Score
Logistic Regression,0.9878048780487804,0.9882352941176472
Decision Tree,0.9939024390243902,0.9941520467836256
Random Forest,0.9939024390243902,0.9941520467836257
Gradient Boosting,0.9939024390243902,0.9941520467836257
